Arie,Hannum,2018-06-19 03:43:07,25
Leelah,Innocent,2018-12-18 21:57:24,11
Clari,Desesquelle,2018-07-31 20:38:48,79
Sioux,Spollen,2019-03-20 15:56:26,22
Shurwood,Sindall,2019-02-09 13:10:10,58
Ardath,Hatcliffe,2019-02-12 05:03:58,94
Don,Zanioletti,2019-03-18 09:40:48,66
Jessamyn,Bassingham,2018-05-08 21:08:40,39
Alecia,Mcmanaman,2018-09-15 05:56:13,30
Nicolina,Burree,2018-05-29 08:27:37,78
Griffy,Sambiedge,2018-08-02 03:34:33,12
Cleon,Rhyme,2019-02-08 04:37:24,2
Isaiah,Belfield,2018-08-01 15:34:49,33
Danny,Jowitt,2018-04-03 12:24:50,60
Milly,Sibthorpe,2018-03-30 21:45:25,87
Tiertza,Houlworth,2018-07-31 18:18:40,48
Giana,MacDunleavy,2018-11-15 02:10:34,16
Ximenes,Moultrie,2018-10-30 16:51:33,50
Samson,Hills,2018-08-13 06:09:36,89
Adriena,Woolfoot,2018-09-19 21:39:30,31
Tiffani,Brooke,2019-01-06 04:40:22,41
Bernete,Tissiman,2018-05-01 05:27:32,66
Alastair,Ockland,2018-11-20 23:59:14,70
Josey,Suthworth,2018-09-11 02:50:59,8
Ahmed,Blair,2018-07-30 05:21:39,57
Beverlee,Flahive,2018-03-29 16:51:37,10
Tommie,Laurisch,2019-02-11 03:16:14,34
Joe,Rubberts,2018-05-21 14:50:31,90
Leandra,De Ambrosi,2018-11-14 11:30:28,27
Burl,Summerly,2018-06-14 18:10:15,4
Dulsea,Edney,2018-08-04 12:53:22,14
Raimund,Fullalove,2018-10-03 10:07:50,54
Ingamar,Trice,2018-05-11 15:52:50,51
Ermengarde,McAnellye,2018-05-27 20:39:55,11
Edmund,Kerner,2018-07-29 20:10:00,72
Wilburt,Pirdue,2018-06-30 23:25:49,31
Avram,Kyles,2018-06-29 21:35:31,6
Angil,Shalders,2018-05-19 10:37:30,83
Gerard,Checchi,2018-11-19 00:55:00,41
Noby,Brewett,2019-03-07 14:11:08,30
Nickola,Dillamore,2019-03-27 05:08:34,67
Dulce,Silver,2018-12-03 21:15:19,48
Anissa,Anear,2018-07-26 05:34:16,94
Melba,Claricoates,2018-06-10 06:55:54,18
Myrtle,Griston,2019-01-03 08:16:17,63
Claudian,Sinnott,2018-05-02 18:54:12,85
Claudina,La Wille,2018-06-04 06:09:25,44
Tedmund,Tripett,2019-02-10 21:30:40,41
Glenn,Oldridge,2018-04-14 03:33:05,4
Aryn,Haken,2019-01-03 05:53:07,26
Xavier,Mayall,2018-12-09 13:49:50,45
Hayyim,Camplen,2019-03-12 08:22:10,74
Natalie,Tilby,2019-03-11 05:27:03,9
Dareen,Simmers,2018-06-14 22:23:10,33
Courtney,Chatband,2019-02-21 12:46:52,48
Shawna,Jurek,2018-08-19 07:37:27,9
Rafferty,McGeachey,2018-08-22 06:23:20,36
Johan,Aartsen,2019-02-28 22:32:46,58
Ermina,Carnduff,2019-03-19 17:10:12,64
Trenton,Lammert,2018-12-17 02:26:03,91
Shawn,Fairpool,2018-06-15 03:14:45,41
Aleen,Lammerding,2018-04-11 22:21:06,53
Alonzo,MacKaile,2018-12-01 13:57:20,26
Krysta,Egalton,2018-04-15 14:30:25,44
Kirstin,Gerran,2018-11-04 04:53:51,85
Daphne,McConway,2018-07-27 10:17:52,17
Denny,Heibl,2018-05-19 22:50:16,47
Mikkel,Dongles,2018-09-12 19:00:52,24
Dolph,Sute,2018-12-14 08:05:35,80
Ninon,Jiranek,2019-01-14 10:41:26,83
Cheri,Kirkbright,2018-04-20 05:07:24,38
Papagena,Spensley,2018-07-03 01:32:49,64
Katharine,Wynrehame,2018-07-01 13:20:16,58
Georgeanne,Olivetta,2018-05-26 04:36:27,21
Patric,Loosmore,2018-07-01 03:12:19,7
Luz,Trewartha,2019-03-21 07:42:25,100
Marci,Gowry,2018-05-05 18:19:54,89
Jessee,Lusk,2018-05-10 05:02:59,18
Margaretha,Feeley,2018-09-25 22:47:03,13
Anallese,Nijssen,2018-12-28 03:19:20,46
Jo-ann,Lovel,2018-04-07 07:05:47,72
Marne,McGreary,2018-04-25 15:33:36,99
Othilie,Shelbourne,2018-04-24 16:19:05,100
Norah,Branston,2018-08-02 12:25:51,82
Krispin,Jent,2018-11-07 04:54:59,13
Karry,Banton,2018-12-05 21:17:12,7
Laurie,Pittford,2019-02-13 22:46:33,57
Alvinia,Russ,2019-01-09 10:42:02,25
Alyssa,Paolotto,2018-12-13 07:55:03,63
Howie,Jacox,2018-07-26 11:13:48,98
Johnath,Flather,2019-01-29 02:42:15,84
Midge,Barracks,2018-12-14 11:10:08,73
Eustacia,Bradshaw,2019-01-15 14:07:52,54
Steve,Breem,2018-06-06 01:34:01,62
Keane,Gudge,2018-09-27 20:46:47,72
Gun,Klageman,2018-10-22 00:32:35,56
Shamus,Espino,2018-06-29 11:06:02,7
Arlin,Jinks,2018-06-06 19:33:49,43
Rosaleen,Bentsen,2019-03-27 00:56:03,73
Clevey,Coard,2018-08-26 21:37:21,71
Daisi,Maybury,2018-06-08 18:40:34,29
Michael,Standbrook,2019-01-06 21:23:03,70
Tiffani,Schneidau,2018-12-09 06:17:51,3
Asher,Alster,2018-07-28 18:49:39,37
Daune,Iddy,2018-12-13 08:06:32,33
Ardene,Slatford,2018-05-17 08:50:48,41
Tanney,Austick,2018-05-10 17:46:59,48
Kimbra,Trudgion,2018-09-02 13:16:19,47
Joy,Drane,2018-07-16 13:00:20,43
Bel,Mutter,2018-10-19 08:48:45,5
Celie,Downie,2019-03-20 00:23:11,30
Otes,Stoggell,2019-02-28 03:25:04,64
Cortney,Basset,2018-05-16 20:42:42,54
Charlot,Ozanne,2018-05-05 04:48:02,24
Lowell,Dhillon,2018-09-08 11:44:32,67
Bram,Hug,2018-05-25 02:45:45,53
Erika,Emerine,2018-06-06 18:23:15,79
Deborah,Le feuvre,2018-08-13 06:32:53,90
Currey,Flarity,2018-09-01 01:47:32,100
Charla,Kobelt,2018-06-22 01:51:06,77
Charo,Stebbings,2018-09-14 16:54:25,68
Corinne,Durgan,2018-12-16 13:37:48,75
Fritz,Paler,2018-04-16 20:51:21,4
Alvie,Gerrelts,2018-08-26 22:42:51,77
Ric,Conibear,2018-07-12 12:06:59,22
Rosalind,Bane,2018-06-22 02:54:49,9
Levi,Cathie,2018-08-02 03:57:13,5
Carter,Saberton,2018-04-24 07:34:47,84
Starr,Slyde,2018-10-25 07:21:47,64
Mackenzie,Coulston,2018-09-04 01:05:42,82
Brigitta,Morriarty,2019-01-15 13:52:50,14
Geralda,Genery,2019-01-26 14:55:00,10
Taite,Huyche,2018-12-27 19:02:21,12
Nettie,Helix,2018-06-06 23:38:27,79
Georgeanna,Megson,2018-06-02 11:05:03,18
Arv,Stains,2018-09-29 15:00:36,10
Janina,Frascone,2018-07-15 06:01:22,35
Elwira,Wilcocke,2018-07-17 10:21:09,23
Averil,Irnys,2019-01-25 06:31:28,65
Horatia,Fairholme,2018-03-31 21:16:34,48
Charlotte,Resdale,2018-10-05 22:26:36,19
Preston,Sieghart,2018-07-26 20:52:13,49
Sharl,Zorener,2018-08-26 23:55:17,12
Stanfield,Burwin,2018-06-09 23:28:21,64
Vinnie,Bedding,2018-03-31 00:32:14,50
Rusty,Brownsill,2018-12-21 01:34:33,75
Chane,Silverthorn,2018-07-19 01:18:37,12
Janifer,Ganny,2018-07-27 10:05:54,94
Olenolin,Milstead,2018-11-01 17:48:44,91
Cissiee,Daldry,2018-11-01 03:22:20,90
